time,open,high,low,close,volume
2023-03-29 16:20:00,1800.88,1802.21,1800.88,1802.21,217.9973
2023-03-29 16:21:00,1802.21,1802.21,1800.01,1800.43,314.7998
2023-03-29 16:22:00,1800.43,1800.61,1800.02,1800.39,207.6913
2023-03-29 16:23:00,1800.4,1800.62,1800.11,1800.12,181.7436
2023-03-29 16:24:00,1800.11,1800.85,1800.11,1800.45,384.3207
2023-03-29 16:25:00,1800.45,1801.86,1800.45,1801.85,297.5958
2023-03-29 16:26:00,1801.85,1802.94,1801.65,1802.93,269.2914
2023-03-29 16:27:00,1802.93,1803.29,1802.65,1803.29,133.1288
2023-03-29 16:28:00,1803.28,1803.29,1802.05,1802.05,125.0207
2023-03-29 16:29:00,1802.06,1802.18,1801.49,1801.84,171.0578
2023-03-29 16:30:00,1801.84,1802.38,1801.84,1802.04,119.5138
2023-03-29 16:31:00,1802.03,1802.27,1801.3,1801.41,408.912
2023-03-29 16:32:00,1801.41,1801.92,1801.3,1801.58,196.7751
2023-03-29 16:33:00,1801.59,1801.94,1801.41,1801.41,154.0152
2023-03-29 16:34:00,1801.42,1801.69,1801.3,1801.52,101.8985
2023-03-29 16:35:00,1801.52,1801.53,1800.9,1800.92,218.4688
2023-03-29 16:36:00,1800.92,1801.7,1800.92,1801.69,105.6924
2023-03-29 16:37:00,1801.7,1802.04,1801.69,1801.99,560.2054
2023-03-29 16:38:00,1802.0,1802.59,1801.99,1802.24,105.5087
2023-03-29 16:39:00,1802.23,1802.24,1801.02,1801.14,349.3967
2023-03-29 16:40:00,1801.14,1801.42,1800.79,1800.8,200.1943
2023-03-29 16:41:00,1800.79,1800.79,1799.78,1799.78,162.0581
2023-03-29 16:42:00,1799.78,1799.79,1797.2,1797.69,410.3409
2023-03-29 16:43:00,1797.7,1798.32,1797.69,1798.02,190.0162
2023-03-29 16:44:00,1798.02,1798.9,1798.02,1798.89,132.4494
2023-03-29 16:45:00,1798.9,1798.9,1797.87,1798.77,180.314
2023-03-29 16:46:00,1798.78,1799.1,1798.11,1798.36,149.8496
2023-03-29 16:47:00,1798.36,1798.37,1794.19,1797.22,1338.67
2023-03-29 16:48:00,1797.22,1798.5,1797.12,1797.87,355.4736
2023-03-29 16:49:00,1797.87,1798.69,1797.87,1797.97,139.2872
2023-03-29 16:50:00,1797.97,1798.97,1797.22,1798.97,185.8885
2023-03-29 16:51:00,1798.96,1800.59,1798.96,1800.58,325.5788
2023-03-29 16:52:00,1800.59,1801.22,1800.4,1800.64,219.5998
2023-03-29 16:53:00,1800.65,1801.0,1800.43,1800.44,187.54
2023-03-29 16:54:00,1800.44,1800.44,1798.89,1799.64,192.4916
2023-03-29 16:55:00,1799.64,1800.0,1799.52,1799.52,105.5033
2023-03-29 16:56:00,1799.53,1799.53,1796.93,1797.16,365.0574
2023-03-29 16:57:00,1797.16,1797.56,1794.22,1795.09,659.4922
2023-03-29 16:58:00,1795.1,1795.1,1791.88,1792.06,1249.5308
2023-03-29 16:59:00,1792.07,1794.03,1792.06,1793.24,440.4683
2023-03-29 17:00:00,1793.24,1794.35,1792.2,1793.57,375.4139
2023-03-29 17:01:00,1793.58,1795.51,1793.15,1795.42,366.6982
2023-03-29 17:02:00,1795.43,1795.46,1794.3,1794.67,203.2812
2023-03-29 17:03:00,1794.67,1797.56,1794.32,1797.51,580.7935
2023-03-29 17:04:00,1797.51,1798.22,1797.21,1797.26,278.3491
2023-03-29 17:05:00,1797.26,1797.87,1796.97,1797.08,232.515
2023-03-29 17:06:00,1797.07,1798.38,1797.07,1798.08,214.5339
2023-03-29 17:07:00,1798.08,1798.08,1797.45,1798.01,140.2752
2023-03-29 17:08:00,1798.02,1800.84,1798.01,1799.43,600.4529
2023-03-29 17:09:00,1799.42,1800.72,1799.42,1800.03,366.0361
2023-03-29 17:10:00,1800.03,1801.0,1800.02,1800.13,369.6728
2023-03-29 17:11:00,1800.14,1802.0,1800.13,1801.13,437.1659
2023-03-29 17:12:00,1801.13,1801.5,1800.97,1801.32,128.1846
2023-03-29 17:13:00,1801.32,1801.52,1800.97,1801.21,145.5378
2023-03-29 17:14:00,1801.21,1802.0,1801.21,1801.35,279.1326
2023-03-29 17:15:00,1801.36,1802.29,1801.35,1801.4,201.2696
2023-03-29 17:16:00,1801.41,1801.41,1800.0,1800.94,234.2247
2023-03-29 17:17:00,1800.95,1801.17,1799.8,1799.8,144.114
2023-03-29 17:18:00,1799.81,1801.07,1799.32,1801.06,239.1726
2023-03-29 17:19:00,1801.06,1801.21,1800.54,1800.54,108.8322
2023-03-29 17:20:00,1800.55,1801.06,1800.12,1800.81,196.6097
2023-03-29 17:21:00,1800.8,1801.18,1800.8,1801.18,97.4097
2023-03-29 17:22:00,1801.18,1802.07,1800.92,1802.06,127.9862
2023-03-29 17:23:00,1802.07,1803.26,1801.83,1802.48,269.6454
2023-03-29 17:24:00,1802.49,1802.8,1802.21,1802.22,143.5794
2023-03-29 17:25:00,1802.22,1802.59,1801.77,1801.77,69.1697
2023-03-29 17:26:00,1801.78,1802.16,1801.45,1801.87,108.381
2023-03-29 17:27:00,1801.87,1802.32,1801.58,1802.32,83.3845
2023-03-29 17:28:00,1802.32,1803.99,1802.22,1802.93,305.8759
2023-03-29 17:29:00,1802.93,1803.0,1802.1,1802.24,108.6492
2023-03-29 17:30:00,1802.23,1803.1,1801.48,1802.18,287.0248
2023-03-29 17:31:00,1802.18,1802.18,1800.72,1802.0,238.6163
2023-03-29 17:32:00,1802.0,1802.0,1801.24,1801.52,205.0141
2023-03-29 17:33:00,1801.53,1802.2,1801.4,1801.4,151.6226
2023-03-29 17:34:00,1801.41,1801.41,1799.72,1799.9,129.0369
2023-03-29 17:35:00,1799.9,1801.1,1796.77,1797.98,1115.7902
2023-03-29 17:36:00,1797.99,1799.18,1797.89,1798.47,201.2559
2023-03-29 17:37:00,1798.48,1799.02,1798.18,1798.62,218.4571
2023-03-29 17:38:00,1798.63,1798.71,1798.19,1798.42,117.2526
2023-03-29 17:39:00,1798.42,1799.98,1797.55,1798.4,628.3042
2023-03-29 17:40:00,1798.41,1798.81,1797.11,1797.72,238.8747
2023-03-29 17:41:00,1797.72,1798.8,1797.72,1797.86,155.4291
2023-03-29 17:42:00,1797.85,1797.91,1797.09,1797.22,186.8195
2023-03-29 17:43:00,1797.22,1797.22,1795.78,1796.66,271.593
2023-03-29 17:44:00,1796.65,1796.99,1795.75,1795.75,270.0088
2023-03-29 17:45:00,1795.76,1796.17,1795.27,1796.17,281.5848
2023-03-29 17:46:00,1796.17,1797.24,1796.16,1796.99,484.9716
2023-03-29 17:47:00,1796.98,1798.08,1796.66,1796.67,215.378
2023-03-29 17:48:00,1796.66,1797.3,1796.38,1796.39,144.5687
2023-03-29 17:49:00,1796.39,1798.24,1796.38,1798.23,164.218
2023-03-29 17:50:00,1798.24,1798.42,1797.32,1797.32,98.8637
2023-03-29 17:51:00,1797.33,1797.81,1797.17,1797.18,213.3244
2023-03-29 17:52:00,1797.18,1798.23,1796.74,1797.73,261.9566
2023-03-29 17:53:00,1797.72,1798.27,1796.96,1798.1,202.4238
2023-03-29 17:54:00,1798.1,1798.59,1797.63,1798.49,151.2833
2023-03-29 17:55:00,1798.5,1798.5,1797.28,1797.9,230.8267
2023-03-29 17:56:00,1797.9,1798.56,1797.89,1798.56,129.7825
2023-03-29 17:57:00,1798.55,1798.56,1797.25,1797.8,138.5245
2023-03-29 17:58:00,1797.81,1798.48,1797.8,1798.47,97.341
2023-03-29 17:59:00,1798.48,1798.75,1798.32,1798.5,101.7794
2023-03-29 18:00:00,1798.51,1798.58,1798.23,1798.25,79.5222
2023-03-29 18:01:00,1798.26,1798.8,1798.12,1798.8,200.5402
2023-03-29 18:02:00,1798.79,1798.8,1796.67,1796.88,209.3501
2023-03-29 18:03:00,1796.88,1798.22,1796.87,1797.26,130.9258
2023-03-29 18:04:00,1797.26,1797.57,1797.06,1797.53,69.1665
2023-03-29 18:05:00,1797.53,1797.96,1797.04,1797.16,167.7516
2023-03-29 18:06:00,1797.15,1797.26,1796.06,1797.09,233.0175
2023-03-29 18:07:00,1797.09,1798.85,1797.08,1798.85,195.3726
2023-03-29 18:08:00,1798.85,1798.94,1798.55,1798.92,149.446
2023-03-29 18:09:00,1798.91,1798.92,1798.39,1798.9,150.715
2023-03-29 18:10:00,1798.9,1798.92,1798.62,1798.9,75.0001
2023-03-29 18:11:00,1798.9,1798.91,1798.41,1798.87,81.8888
2023-03-29 18:12:00,1798.87,1798.88,1798.44,1798.44,120.5239
2023-03-29 18:13:00,1798.44,1799.48,1798.35,1799.48,152.1148
2023-03-29 18:14:00,1799.47,1799.48,1799.22,1799.44,117.187
2023-03-29 18:15:00,1799.45,1799.45,1798.4,1798.54,254.3712
2023-03-29 18:16:00,1798.54,1798.54,1798.04,1798.3,82.3861
2023-03-29 18:17:00,1798.3,1798.72,1797.73,1797.73,111.2843
2023-03-29 18:18:00,1797.73,1797.74,1796.44,1797.16,185.4765
2023-03-29 18:19:00,1797.16,1797.3,1796.15,1796.83,186.9646
2023-03-29 18:20:00,1796.83,1797.1,1795.89,1796.81,324.5629
2023-03-29 18:21:00,1796.8,1798.51,1796.79,1798.5,121.5597
2023-03-29 18:22:00,1798.5,1799.42,1798.5,1799.13,146.369
2023-03-29 18:23:00,1799.14,1799.64,1798.97,1799.63,207.8179
2023-03-29 18:24:00,1799.63,1799.88,1799.35,1799.36,126.1899
2023-03-29 18:25:00,1799.36,1800.31,1799.26,1800.31,250.425
2023-03-29 18:26:00,1800.3,1801.88,1800.3,1800.95,500.1504
2023-03-29 18:27:00,1800.96,1800.96,1800.23,1800.52,213.767
2023-03-29 18:28:00,1800.52,1800.69,1799.84,1799.84,119.867
2023-03-29 18:29:00,1799.85,1800.1,1799.54,1800.09,220.8739
2023-03-29 18:30:00,1800.08,1800.36,1799.61,1799.61,168.5425
2023-03-29 18:31:00,1799.61,1800.4,1799.61,1800.4,72.4926
2023-03-29 18:32:00,1800.39,1802.82,1800.39,1802.02,390.002
2023-03-29 18:33:00,1802.03,1803.27,1801.87,1803.26,251.4408
2023-03-29 18:34:00,1803.27,1804.08,1803.26,1803.45,191.3047
2023-03-29 18:35:00,1803.45,1803.81,1803.22,1803.23,279.0902
2023-03-29 18:36:00,1803.22,1803.31,1802.57,1803.14,148.6345
2023-03-29 18:37:00,1803.15,1803.31,1802.43,1802.78,233.0864
2023-03-29 18:38:00,1802.77,1802.81,1801.99,1802.58,186.7623
2023-03-29 18:39:00,1802.58,1802.58,1802.0,1802.47,121.4706
2023-03-29 18:40:00,1802.47,1802.69,1802.02,1802.02,189.4235
2023-03-29 18:41:00,1802.03,1803.08,1801.88,1803.08,125.85
2023-03-29 18:42:00,1803.07,1803.81,1802.77,1803.81,160.3442
2023-03-29 18:43:00,1803.81,1804.22,1803.21,1803.22,219.5223
2023-03-29 18:44:00,1803.22,1803.6,1803.21,1803.24,70.7045
2023-03-29 18:45:00,1803.23,1803.68,1802.25,1802.25,291.9875
2023-03-29 18:46:00,1802.25,1802.53,1802.12,1802.12,116.6863
2023-03-29 18:47:00,1802.12,1803.9,1801.48,1803.86,419.2364
2023-03-29 18:48:00,1803.86,1803.87,1802.65,1803.85,192.5437
2023-03-29 18:49:00,1803.85,1806.33,1803.85,1805.9,538.2726
2023-03-29 18:50:00,1805.89,1805.9,1804.88,1804.93,259.6353
2023-03-29 18:51:00,1804.92,1804.93,1802.43,1802.78,781.0955
2023-03-29 18:52:00,1802.77,1804.84,1802.46,1804.65,927.1799
2023-03-29 18:53:00,1804.65,1804.82,1803.43,1803.63,161.2438
2023-03-29 18:54:00,1803.62,1804.42,1802.73,1804.41,284.6373
2023-03-29 18:55:00,1804.42,1804.42,1803.01,1803.17,116.7925
2023-03-29 18:56:00,1803.17,1803.67,1803.16,1803.67,122.0874
2023-03-29 18:57:00,1803.67,1804.0,1803.53,1804.0,123.3156
2023-03-29 18:58:00,1803.99,1804.41,1803.99,1804.4,53.8964
2023-03-29 18:59:00,1804.41,1804.41,1803.81,1803.81,91.5645
2023-03-29 19:00:00,1803.79,1803.87,1803.59,1803.72,77.1672
2023-03-29 19:01:00,1803.72,1805.49,1801.8,1804.85,1773.5649
2023-03-29 19:02:00,1804.86,1804.86,1802.59,1803.09,325.2707
2023-03-29 19:03:00,1803.09,1804.11,1803.08,1804.1,207.3608
2023-03-29 19:04:00,1804.1,1804.19,1803.68,1804.02,117.242
2023-03-29 19:05:00,1804.03,1804.41,1803.85,1804.4,248.6355
2023-03-29 19:06:00,1804.4,1804.99,1803.75,1803.75,148.0344
2023-03-29 19:07:00,1803.76,1803.94,1802.84,1803.94,249.4333
2023-03-29 19:08:00,1803.93,1804.38,1803.83,1803.83,70.8553
2023-03-29 19:09:00,1803.83,1803.84,1803.33,1803.34,72.5444
2023-03-29 19:10:00,1803.34,1803.52,1803.03,1803.51,73.8852
2023-03-29 19:11:00,1803.52,1803.69,1803.07,1803.68,70.625
2023-03-29 19:12:00,1803.69,1803.89,1803.32,1803.88,84.2039
2023-03-29 19:13:00,1803.88,1803.89,1803.44,1803.86,66.6152
2023-03-29 19:14:00,1803.87,1805.11,1803.86,1804.6,350.9603
2023-03-29 19:15:00,1804.59,1804.69,1803.68,1803.69,195.4675
2023-03-29 19:16:00,1803.69,1805.38,1803.68,1805.02,300.6732
2023-03-29 19:17:00,1805.03,1805.03,1804.26,1804.47,120.7475
2023-03-29 19:18:00,1804.46,1804.78,1803.94,1804.44,176.1566
2023-03-29 19:19:00,1804.43,1804.65,1804.43,1804.64,60.8552
2023-03-29 19:20:00,1804.64,1804.65,1803.37,1803.37,159.5151
2023-03-29 19:21:00,1803.38,1806.66,1803.37,1805.54,770.6572
2023-03-29 19:22:00,1805.53,1805.84,1805.06,1805.83,117.8514
2023-03-29 19:23:00,1805.84,1806.36,1804.94,1804.94,131.9468
2023-03-29 19:24:00,1804.94,1805.16,1804.21,1804.8,156.8153
2023-03-29 19:25:00,1804.81,1804.98,1804.33,1804.49,199.691
2023-03-29 19:26:00,1804.5,1805.45,1804.49,1805.44,70.5696
2023-03-29 19:27:00,1805.44,1805.93,1805.29,1805.51,303.065
2023-03-29 19:28:00,1805.51,1806.82,1805.29,1805.3,303.4217
2023-03-29 19:29:00,1805.29,1805.86,1805.29,1805.44,145.422
2023-03-29 19:30:00,1805.43,1805.44,1804.38,1804.68,119.7981
2023-03-29 19:31:00,1804.67,1804.68,1803.8,1804.22,102.2707
2023-03-29 19:32:00,1804.21,1804.22,1803.44,1803.89,160.9048
2023-03-29 19:33:00,1803.9,1803.9,1803.44,1803.56,114.5183
2023-03-29 19:34:00,1803.55,1803.72,1803.13,1803.32,133.2278
2023-03-29 19:35:00,1803.32,1803.9,1803.32,1803.9,121.7268
2023-03-29 19:36:00,1803.89,1803.91,1802.91,1803.17,222.8333
2023-03-29 19:37:00,1803.17,1804.38,1803.17,1803.73,146.3398
2023-03-29 19:38:00,1803.73,1805.21,1803.73,1804.66,185.2322
2023-03-29 19:39:00,1804.66,1805.19,1804.65,1804.88,166.4441
2023-03-29 19:40:00,1804.88,1805.63,1804.52,1805.51,227.4792
2023-03-29 19:41:00,1805.51,1805.52,1805.2,1805.21,76.613
2023-03-29 19:42:00,1805.2,1805.56,1805.0,1805.17,136.354
2023-03-29 19:43:00,1805.17,1805.68,1805.12,1805.68,123.296
2023-03-29 19:44:00,1805.67,1806.38,1805.67,1805.87,269.6923
2023-03-29 19:45:00,1805.87,1806.28,1805.86,1806.27,76.5137
2023-03-29 19:46:00,1806.28,1806.6,1806.18,1806.59,180.5485
2023-03-29 19:47:00,1806.6,1806.88,1805.14,1805.8,196.3384
2023-03-29 19:48:00,1805.8,1806.31,1805.78,1806.24,60.9829
2023-03-29 19:49:00,1806.25,1808.47,1806.24,1808.13,376.3249
2023-03-29 19:50:00,1808.13,1808.53,1807.24,1807.68,218.0959
2023-03-29 19:51:00,1807.68,1808.08,1807.06,1808.08,170.4333
2023-03-29 19:52:00,1808.08,1812.0,1808.07,1811.35,1605.6828
2023-03-29 19:53:00,1811.34,1811.76,1810.06,1810.37,341.3556
2023-03-29 19:54:00,1810.37,1810.38,1809.83,1809.84,144.1578
2023-03-29 19:55:00,1809.83,1809.9,1809.06,1809.9,169.6803
2023-03-29 19:56:00,1809.9,1810.65,1808.99,1810.31,463.9921
2023-03-29 19:57:00,1810.3,1810.52,1809.6,1810.03,248.7259
2023-03-29 19:58:00,1810.02,1810.03,1809.27,1809.72,156.3868
2023-03-29 19:59:00,1809.71,1809.72,1807.69,1809.02,453.9986
2023-03-29 20:00:00,1809.02,1809.03,1807.74,1807.97,170.1587
2023-03-29 20:01:00,1807.96,1807.97,1806.83,1806.84,103.5621
2023-03-29 20:02:00,1806.84,1806.88,1805.91,1806.08,178.0343
2023-03-29 20:03:00,1806.08,1806.49,1806.07,1806.48,122.4465
2023-03-29 20:04:00,1806.49,1808.92,1806.48,1808.92,294.2671
2023-03-29 20:05:00,1808.91,1809.32,1808.79,1809.13,201.0901
2023-03-29 20:06:00,1809.12,1809.13,1806.82,1807.34,281.5656
2023-03-29 20:07:00,1807.34,1807.35,1806.43,1806.92,133.7842
2023-03-29 20:08:00,1806.91,1806.92,1806.08,1806.82,98.119
2023-03-29 20:09:00,1806.82,1806.83,1806.5,1806.76,72.7633
2023-03-29 20:10:00,1806.75,1806.76,1805.92,1805.92,62.3664
2023-03-29 20:11:00,1805.93,1806.48,1805.92,1806.48,78.0208
2023-03-29 20:12:00,1806.47,1806.48,1806.22,1806.48,152.0837
2023-03-29 20:13:00,1806.47,1807.03,1806.32,1806.32,243.6035
2023-03-29 20:14:00,1806.32,1806.5,1805.52,1806.27,183.0612
2023-03-29 20:15:00,1806.27,1808.39,1806.26,1808.38,518.6976
2023-03-29 20:16:00,1808.38,1808.45,1807.19,1807.78,515.4661
2023-03-29 20:17:00,1807.77,1808.0,1807.63,1807.99,459.5572
2023-03-29 20:18:00,1808.0,1808.0,1807.71,1807.72,95.3269
2023-03-29 20:19:00,1807.72,1807.72,1806.43,1806.44,2087.9845
2023-03-29 20:20:00,1806.43,1807.56,1806.43,1807.46,165.0265
2023-03-29 20:21:00,1807.45,1807.46,1805.74,1805.74,143.842
2023-03-29 20:22:00,1805.74,1807.07,1805.35,1806.91,555.2155
2023-03-29 20:23:00,1806.91,1807.6,1806.54,1807.59,193.1864
2023-03-29 20:24:00,1807.59,1808.54,1807.15,1808.24,186.6811
2023-03-29 20:25:00,1808.24,1808.25,1807.85,1808.1,79.5117
2023-03-29 20:26:00,1808.09,1808.1,1807.63,1807.65,100.9164
2023-03-29 20:27:00,1807.66,1809.0,1807.08,1809.0,220.6926
2023-03-29 20:28:00,1808.99,1809.0,1808.26,1808.27,98.5909
2023-03-29 20:29:00,1808.26,1808.46,1808.07,1808.07,94.942
2023-03-29 20:30:00,1808.08,1809.34,1808.07,1809.32,110.1592
2023-03-29 20:31:00,1809.32,1809.33,1808.64,1809.19,71.1276
2023-03-29 20:32:00,1809.19,1809.6,1808.5,1808.5,196.9476
2023-03-29 20:33:00,1808.51,1809.0,1808.5,1809.0,86.1079
2023-03-29 20:34:00,1808.99,1809.0,1808.52,1808.52,101.9171
2023-03-29 20:35:00,1808.53,1808.53,1807.3,1807.3,152.284
2023-03-29 20:36:00,1807.31,1807.31,1806.95,1807.13,127.8101
2023-03-29 20:37:00,1807.12,1807.38,1806.9,1806.91,118.9332
2023-03-29 20:38:00,1806.91,1806.91,1806.42,1806.42,92.9864
2023-03-29 20:39:00,1806.43,1806.43,1804.93,1805.03,262.1697
2023-03-29 20:40:00,1805.03,1805.49,1804.77,1804.86,214.4163
2023-03-29 20:41:00,1804.86,1805.09,1804.52,1804.98,150.4598
2023-03-29 20:42:00,1804.97,1804.98,1803.1,1803.37,215.9098
2023-03-29 20:43:00,1803.37,1803.83,1803.37,1803.82,77.1107
2023-03-29 20:44:00,1803.83,1804.0,1803.16,1803.4,116.7118
2023-03-29 20:45:00,1803.39,1804.0,1802.53,1802.54,291.264
2023-03-29 20:46:00,1802.53,1802.89,1802.12,1802.13,110.533
2023-03-29 20:47:00,1802.13,1802.86,1802.12,1802.85,237.5275
2023-03-29 20:48:00,1802.86,1805.24,1802.85,1805.23,250.2525
2023-03-29 20:49:00,1805.24,1805.24,1803.76,1804.07,249.1379
2023-03-29 20:50:00,1804.08,1804.97,1804.07,1804.63,94.7763
2023-03-29 20:51:00,1804.63,1805.12,1804.63,1804.79,58.602
2023-03-29 20:52:00,1804.8,1805.02,1804.31,1804.32,150.5216
2023-03-29 20:53:00,1804.31,1804.81,1804.31,1804.8,69.9485
2023-03-29 20:54:00,1804.81,1804.81,1803.66,1804.17,247.396
2023-03-29 20:55:00,1804.17,1804.67,1803.77,1803.78,95.4895
2023-03-29 20:56:00,1803.77,1803.78,1802.9,1802.9,88.0839
2023-03-29 20:57:00,1802.91,1803.87,1802.7,1802.7,279.2084
2023-03-29 20:58:00,1802.7,1803.54,1802.7,1803.29,237.823
2023-03-29 20:59:00,1803.29,1803.48,1803.29,1803.47,53.065
2023-03-29 21:00:00,1803.48,1803.48,1803.05,1803.06,211.9164
2023-03-29 21:01:00,1803.05,1803.35,1802.3,1802.31,107.9437
2023-03-29 21:02:00,1802.3,1802.49,1802.24,1802.48,192.7753
2023-03-29 21:03:00,1802.48,1802.55,1801.72,1801.73,177.2044
2023-03-29 21:04:00,1801.73,1801.73,1799.93,1799.95,326.3375
2023-03-29 21:05:00,1799.95,1800.16,1798.88,1800.16,210.8536
2023-03-29 21:06:00,1800.16,1800.65,1799.68,1800.64,146.7763
2023-03-29 21:07:00,1800.64,1801.2,1800.55,1801.2,200.6191
2023-03-29 21:08:00,1801.2,1801.28,1800.45,1800.91,113.4452
2023-03-29 21:09:00,1800.92,1801.17,1800.58,1800.71,276.8834
2023-03-29 21:10:00,1800.7,1801.26,1800.7,1800.89,98.1852
2023-03-29 21:11:00,1800.89,1801.23,1800.71,1801.17,168.3517
2023-03-29 21:12:00,1801.18,1801.28,1800.96,1801.27,74.1926
2023-03-29 21:13:00,1801.27,1801.99,1801.27,1801.99,197.7901
2023-03-29 21:14:00,1801.99,1801.99,1801.67,1801.67,28.9031
2023-03-29 21:15:00,1801.68,1801.68,1800.95,1801.09,189.1035
2023-03-29 21:16:00,1801.1,1801.38,1800.82,1800.82,100.1383
2023-03-29 21:17:00,1800.91,1800.91,1800.72,1800.72,76.1354
2023-03-29 21:18:00,1800.72,1802.28,1800.72,1802.27,176.6484
2023-03-29 21:19:00,1802.28,1804.15,1802.27,1804.15,240.6278
2023-03-29 21:20:00,1804.14,1804.55,1803.89,1804.55,153.7386
2023-03-29 21:21:00,1804.54,1805.36,1804.54,1805.12,232.1122
2023-03-29 21:22:00,1805.12,1805.13,1804.33,1804.7,53.9831
2023-03-29 21:23:00,1804.7,1804.71,1804.33,1804.52,58.9092
2023-03-29 21:24:00,1804.51,1805.28,1804.51,1805.19,160.7494
2023-03-29 21:25:00,1805.2,1805.26,1804.86,1804.87,123.9079
2023-03-29 21:26:00,1804.87,1805.84,1804.86,1805.38,183.3719
2023-03-29 21:27:00,1805.38,1805.38,1804.54,1805.18,262.2047
2023-03-29 21:28:00,1805.19,1805.46,1805.0,1805.0,125.9285
2023-03-29 21:29:00,1805.0,1805.67,1804.82,1805.66,134.5064
2023-03-29 21:30:00,1805.66,1805.83,1804.73,1804.73,142.1909
2023-03-29 21:31:00,1804.73,1804.74,1804.42,1804.42,80.004
2023-03-29 21:32:00,1804.42,1804.43,1803.64,1803.64,66.658
2023-03-29 21:33:00,1803.64,1805.61,1803.64,1805.22,255.6512
2023-03-29 21:34:00,1805.21,1805.22,1804.52,1804.52,57.6664
2023-03-29 21:35:00,1804.52,1804.53,1803.02,1803.02,130.2029
2023-03-29 21:36:00,1803.03,1803.2,1802.42,1803.01,109.2518
2023-03-29 21:37:00,1803.01,1803.78,1803.0,1803.0,91.1278
2023-03-29 21:38:00,1803.01,1803.49,1803.0,1803.48,91.4262
2023-03-29 21:39:00,1803.48,1803.74,1802.73,1802.74,252.4175
2023-03-29 21:40:00,1802.73,1803.02,1802.52,1803.01,105.2732
2023-03-29 21:41:00,1803.01,1803.02,1802.58,1802.58,75.9538
2023-03-29 21:42:00,1802.58,1802.59,1801.81,1801.96,138.5493
2023-03-29 21:43:00,1801.97,1801.97,1801.66,1801.66,54.8323
2023-03-29 21:44:00,1801.66,1801.67,1800.0,1800.3,171.8068
2023-03-29 21:45:00,1800.3,1800.3,1799.5,1799.56,75.79
2023-03-29 21:46:00,1799.57,1799.92,1799.14,1799.15,113.9294
2023-03-29 21:47:00,1799.15,1799.15,1797.1,1797.97,221.6819
2023-03-29 21:48:00,1797.97,1798.18,1797.13,1797.36,197.3425
2023-03-29 21:49:00,1797.35,1799.04,1797.35,1799.04,139.8391
2023-03-29 21:50:00,1799.04,1800.2,1799.03,1800.2,85.3386
2023-03-29 21:51:00,1800.19,1800.2,1799.04,1799.04,209.3135
2023-03-29 21:52:00,1799.04,1800.2,1798.61,1800.2,167.0493
2023-03-29 21:53:00,1800.19,1800.63,1800.04,1800.5,184.7373
2023-03-29 21:54:00,1800.5,1800.88,1800.49,1800.87,60.6523
2023-03-29 21:55:00,1800.88,1801.07,1800.16,1800.17,171.921
2023-03-29 21:56:00,1800.16,1800.94,1800.11,1800.12,164.1709
2023-03-29 21:57:00,1800.12,1800.36,1800.11,1800.34,80.7431
2023-03-29 21:58:00,1800.34,1800.35,1798.11,1798.12,401.246
2023-03-29 21:59:00,1798.11,1798.12,1794.37,1794.61,573.6925
2023-03-29 22:00:00,1794.61,1796.3,1794.42,1795.54,660.5916
2023-03-29 22:01:00,1795.55,1796.12,1785.82,1789.45,3349.8423
2023-03-29 22:02:00,1789.45,1791.23,1786.69,1787.66,2326.2322
2023-03-29 22:03:00,1787.65,1788.73,1785.41,1787.86,1264.4286
2023-03-29 22:04:00,1787.85,1787.86,1782.71,1783.92,2296.7914
2023-03-29 22:05:00,1783.91,1785.42,1783.22,1784.57,687.8867
2023-03-29 22:06:00,1784.58,1785.9,1784.42,1785.44,558.0581
2023-03-29 22:07:00,1785.45,1787.5,1785.44,1787.49,696.0207
2023-03-29 22:08:00,1787.49,1787.86,1783.93,1784.31,1688.3275
2023-03-29 22:09:00,1784.31,1786.61,1784.06,1786.6,885.9083
2023-03-29 22:10:00,1786.6,1788.58,1785.86,1788.1,593.739
2023-03-29 22:11:00,1788.1,1788.1,1786.76,1787.32,413.653
2023-03-29 22:12:00,1787.33,1788.58,1787.32,1787.73,243.3498
2023-03-29 22:13:00,1787.73,1788.58,1787.6,1788.58,203.9766
2023-03-29 22:14:00,1788.58,1789.52,1788.09,1789.35,207.2444
2023-03-29 22:15:00,1789.35,1789.42,1786.99,1787.0,647.1512
2023-03-29 22:16:00,1786.99,1789.09,1786.99,1787.88,852.9018
2023-03-29 22:17:00,1787.89,1788.95,1787.88,1787.96,148.7225
2023-03-29 22:18:00,1787.96,1790.08,1787.95,1790.08,323.6028
2023-03-29 22:19:00,1790.08,1790.41,1788.95,1789.13,295.5887
2023-03-29 22:20:00,1789.13,1789.74,1789.12,1789.23,173.2923
2023-03-29 22:21:00,1789.22,1790.09,1789.22,1789.94,116.4885
2023-03-29 22:22:00,1789.95,1791.95,1789.94,1791.88,230.0374
2023-03-29 22:23:00,1791.87,1792.56,1791.6,1792.3,168.9676
2023-03-29 22:24:00,1792.3,1792.31,1791.74,1791.89,106.7381
2023-03-29 22:25:00,1791.9,1791.9,1791.05,1791.3,149.4637
2023-03-29 22:26:00,1791.3,1791.7,1791.3,1791.68,167.6074
2023-03-29 22:27:00,1791.68,1791.83,1791.33,1791.68,125.3172
2023-03-29 22:28:00,1791.68,1792.5,1791.62,1792.5,256.4528
2023-03-29 22:29:00,1792.5,1793.67,1792.38,1792.39,346.993
2023-03-29 22:30:00,1792.38,1792.39,1791.28,1791.3,181.1159
2023-03-29 22:31:00,1791.3,1791.61,1791.14,1791.6,187.1484
2023-03-29 22:32:00,1791.6,1792.28,1791.6,1792.27,181.5398
2023-03-29 22:33:00,1792.28,1793.56,1792.27,1793.56,266.3498
2023-03-29 22:34:00,1793.56,1794.66,1792.93,1792.94,978.5868
2023-03-29 22:35:00,1792.94,1793.17,1791.66,1791.66,270.9464
2023-03-29 22:36:00,1791.67,1792.56,1791.66,1791.68,134.4917
2023-03-29 22:37:00,1791.68,1791.68,1790.35,1790.49,159.1969
2023-03-29 22:38:00,1790.49,1791.35,1790.49,1790.94,158.6872
2023-03-29 22:39:00,1790.94,1790.94,1789.75,1789.85,166.732
2023-03-29 22:40:00,1789.85,1790.64,1788.5,1789.53,610.0185
2023-03-29 22:41:00,1789.53,1789.86,1789.12,1789.85,177.3556
2023-03-29 22:42:00,1789.86,1790.83,1789.85,1790.66,190.0432
2023-03-29 22:43:00,1790.66,1790.94,1789.89,1789.91,202.1292
2023-03-29 22:44:00,1789.91,1789.98,1789.41,1789.97,157.5961
2023-03-29 22:45:00,1789.97,1791.05,1788.51,1788.57,677.7918
2023-03-29 22:46:00,1788.57,1788.84,1787.59,1788.6,245.7693
2023-03-29 22:47:00,1788.59,1789.14,1788.59,1789.13,153.0136
2023-03-29 22:48:00,1789.14,1790.44,1789.13,1790.17,334.1194
2023-03-29 22:49:00,1790.18,1790.68,1789.99,1790.68,212.7881
2023-03-29 22:50:00,1790.68,1790.93,1790.45,1790.93,160.2147
2023-03-29 22:51:00,1790.93,1790.93,1790.68,1790.69,93.2372
2023-03-29 22:52:00,1790.69,1791.12,1790.68,1791.11,126.8969
2023-03-29 22:53:00,1791.12,1791.36,1791.11,1791.35,82.444
2023-03-29 22:54:00,1791.35,1791.36,1790.53,1791.06,203.6407
2023-03-29 22:55:00,1791.07,1791.07,1790.25,1790.75,127.1254
2023-03-29 22:56:00,1790.74,1791.41,1790.74,1790.75,158.5505
2023-03-29 22:57:00,1790.76,1791.61,1790.75,1791.6,79.7991
2023-03-29 22:58:00,1791.6,1791.79,1790.57,1790.57,212.2548
2023-03-29 22:59:00,1790.57,1790.58,1790.36,1790.52,151.0276
2023-03-29 23:00:00,1790.52,1790.79,1789.81,1789.83,269.2947
2023-03-29 23:01:00,1789.83,1790.68,1789.83,1790.63,107.4269
2023-03-29 23:02:00,1790.63,1792.26,1790.62,1792.25,145.6108
2023-03-29 23:03:00,1792.26,1792.63,1792.02,1792.49,106.6352
2023-03-29 23:04:00,1792.49,1793.11,1792.0,1793.0,514.7566
2023-03-29 23:05:00,1793.01,1793.46,1793.0,1793.44,152.3562
2023-03-29 23:06:00,1793.44,1793.7,1793.23,1793.7,137.1184
2023-03-29 23:07:00,1793.7,1793.89,1793.36,1793.89,250.2481
2023-03-29 23:08:00,1793.89,1794.44,1793.8,1794.44,162.3442
2023-03-29 23:09:00,1794.44,1795.82,1794.43,1795.71,322.1537
2023-03-29 23:10:00,1795.72,1796.01,1795.04,1795.3,335.2322
2023-03-29 23:11:00,1795.3,1795.87,1794.93,1795.64,232.2408
2023-03-29 23:12:00,1795.64,1799.24,1795.6,1795.79,1538.3202
2023-03-29 23:13:00,1795.8,1800.0,1795.42,1796.57,1063.7885
2023-03-29 23:14:00,1796.56,1799.4,1796.56,1797.6,1346.0899
2023-03-29 23:15:00,1797.6,1797.6,1795.84,1796.4,574.5387
2023-03-29 23:16:00,1796.23,1797.33,1796.23,1796.58,411.1265
2023-03-29 23:17:00,1796.58,1796.59,1795.97,1795.97,271.994
2023-03-29 23:18:00,1795.97,1796.86,1795.97,1796.66,172.3433
2023-03-29 23:19:00,1796.66,1796.66,1795.84,1795.85,117.6331
2023-03-29 23:20:00,1795.84,1796.01,1795.33,1796.01,158.738
2023-03-29 23:21:00,1796.0,1796.01,1795.2,1795.23,152.3201
2023-03-29 23:22:00,1795.23,1796.07,1795.22,1795.82,192.0403
2023-03-29 23:23:00,1795.83,1795.83,1795.25,1795.25,94.3109
2023-03-29 23:24:00,1795.25,1795.26,1794.45,1795.23,348.8059
2023-03-29 23:25:00,1795.23,1795.65,1795.23,1795.65,127.4394
2023-03-29 23:26:00,1795.65,1796.22,1795.64,1796.22,119.1851
2023-03-29 23:27:00,1796.21,1797.03,1796.21,1796.93,274.4652
2023-03-29 23:28:00,1796.94,1797.26,1796.78,1796.79,133.2805
2023-03-29 23:29:00,1796.78,1797.09,1796.71,1797.09,71.5881
2023-03-29 23:30:00,1797.09,1797.09,1796.66,1796.98,86.6129
2023-03-29 23:31:00,1796.99,1797.6,1796.08,1796.3,242.4176
2023-03-29 23:32:00,1796.3,1796.31,1795.65,1795.84,135.2628
2023-03-29 23:33:00,1795.83,1796.24,1795.56,1795.57,93.0006
2023-03-29 23:34:00,1795.56,1795.96,1795.37,1795.37,128.0801
2023-03-29 23:35:00,1795.37,1795.38,1795.12,1795.23,99.7098
2023-03-29 23:36:00,1795.23,1795.9,1795.04,1795.89,150.6779
2023-03-29 23:37:00,1795.9,1795.9,1794.98,1794.99,111.127
2023-03-29 23:38:00,1794.98,1794.99,1793.66,1793.67,136.53
2023-03-29 23:39:00,1793.66,1794.5,1793.66,1794.25,158.4437
2023-03-29 23:40:00,1794.26,1794.87,1793.44,1793.44,241.5444
2023-03-29 23:41:00,1793.44,1793.92,1793.17,1793.18,112.2483
2023-03-29 23:42:00,1793.17,1793.72,1791.85,1793.72,202.4425
2023-03-29 23:43:00,1793.72,1793.72,1792.92,1792.93,87.2092
2023-03-29 23:44:00,1792.93,1794.04,1792.92,1794.04,69.3543
2023-03-29 23:45:00,1794.03,1794.04,1793.44,1793.45,71.2004
2023-03-29 23:46:00,1793.44,1794.3,1793.44,1793.66,95.8016
2023-03-29 23:47:00,1793.65,1793.83,1793.0,1793.82,170.983
2023-03-29 23:48:00,1793.83,1794.35,1793.55,1794.35,70.7174
2023-03-29 23:49:00,1794.35,1794.79,1793.84,1794.11,169.0717
2023-03-29 23:50:00,1794.11,1794.42,1794.11,1794.41,37.6012
2023-03-29 23:51:00,1794.42,1794.42,1794.24,1794.25,72.7928
2023-03-29 23:52:00,1794.25,1794.25,1793.98,1794.07,96.5478
2023-03-29 23:53:00,1794.07,1794.07,1793.93,1793.94,47.072
2023-03-29 23:54:00,1793.93,1793.94,1792.36,1792.37,359.4101
2023-03-29 23:55:00,1792.36,1792.37,1791.45,1791.46,96.4386
2023-03-29 23:56:00,1791.46,1792.75,1791.45,1792.75,123.599
2023-03-29 23:57:00,1792.74,1792.86,1792.74,1792.85,40.5386
2023-03-29 23:58:00,1792.86,1793.28,1792.85,1793.28,63.5706
2023-03-29 23:59:00,1793.27,1793.38,1793.06,1793.07,58.5997
2023-03-30 00:00:00,1793.06,1793.31,1792.89,1793.3,211.0114
2023-03-30 00:01:00,1793.31,1793.55,1793.24,1793.54,151.2052
2023-03-30 00:02:00,1793.54,1793.83,1793.2,1793.83,125.5476
2023-03-30 00:03:00,1793.83,1793.86,1792.42,1792.68,326.8193
2023-03-30 00:04:00,1792.68,1792.69,1790.71,1790.77,135.9168
2023-03-30 00:05:00,1790.78,1791.94,1790.14,1791.88,310.7627
2023-03-30 00:06:00,1791.89,1792.5,1791.7,1792.38,203.6178
2023-03-30 00:07:00,1792.38,1792.38,1792.09,1792.09,84.1044
2023-03-30 00:08:00,1792.09,1793.56,1792.09,1793.55,146.5859
2023-03-30 00:09:00,1793.56,1794.11,1793.55,1793.89,154.4861
2023-03-30 00:10:00,1793.88,1794.59,1793.88,1794.41,148.5018
2023-03-30 00:11:00,1794.41,1795.3,1794.14,1794.73,193.2345
2023-03-30 00:12:00,1794.73,1795.45,1794.72,1795.29,144.9905
2023-03-30 00:13:00,1795.29,1795.3,1793.11,1793.4,225.8207
2023-03-30 00:14:00,1793.4,1794.35,1793.2,1794.35,58.4427
2023-03-30 00:15:00,1794.35,1794.69,1794.08,1794.69,82.0522
2023-03-30 00:16:00,1794.68,1796.54,1794.68,1796.54,206.9744
2023-03-30 00:17:00,1796.53,1797.69,1796.53,1797.69,189.2365
2023-03-30 00:18:00,1797.69,1797.95,1797.33,1797.95,161.9604
2023-03-30 00:19:00,1797.95,1799.26,1797.94,1798.45,231.403
2023-03-30 00:20:00,1798.45,1798.45,1797.52,1798.08,238.8525
2023-03-30 00:21:00,1798.09,1798.27,1797.49,1798.26,232.9149
2023-03-30 00:22:00,1798.26,1798.27,1797.91,1798.12,132.7298
2023-03-30 00:23:00,1798.12,1799.13,1798.11,1798.81,175.4151
2023-03-30 00:24:00,1798.81,1798.81,1796.93,1797.51,259.385
2023-03-30 00:25:00,1797.52,1797.52,1796.53,1796.54,273.4381
2023-03-30 00:26:00,1796.53,1796.94,1796.18,1796.77,119.2479
2023-03-30 00:27:00,1796.78,1796.85,1796.1,1796.4,130.9139
2023-03-30 00:28:00,1796.39,1796.94,1796.39,1796.94,130.8058
2023-03-30 00:29:00,1796.94,1796.94,1796.3,1796.3,154.8352
2023-03-30 00:30:00,1796.3,1796.31,1795.77,1795.93,175.3478
2023-03-30 00:31:00,1795.93,1795.94,1794.58,1794.71,143.4465
2023-03-30 00:32:00,1794.71,1794.72,1793.65,1794.06,239.1895
2023-03-30 00:33:00,1794.06,1796.02,1794.05,1795.53,212.7429
2023-03-30 00:34:00,1795.53,1796.98,1795.52,1796.98,213.7642
2023-03-30 00:35:00,1796.97,1796.98,1796.02,1796.41,172.418
2023-03-30 00:36:00,1796.42,1796.42,1795.86,1796.3,178.4641
2023-03-30 00:37:00,1796.31,1796.32,1795.59,1795.59,225.4234
2023-03-30 00:38:00,1795.6,1796.21,1795.23,1796.02,152.9637
2023-03-30 00:39:00,1796.01,1797.12,1795.98,1796.92,188.6075
2023-03-30 00:40:00,1796.92,1797.16,1796.71,1797.15,138.897
2023-03-30 00:41:00,1797.16,1797.5,1796.75,1796.82,202.586
2023-03-30 00:42:00,1796.82,1796.83,1795.46,1795.58,173.3369
2023-03-30 00:43:00,1795.57,1796.14,1794.89,1794.9,215.4533
2023-03-30 00:44:00,1794.9,1794.9,1794.13,1794.14,185.162
2023-03-30 00:45:00,1794.13,1794.14,1793.01,1793.4,191.1775
2023-03-30 00:46:00,1793.4,1793.4,1791.39,1791.4,335.6081
2023-03-30 00:47:00,1791.39,1791.67,1791.19,1791.3,255.8503
2023-03-30 00:48:00,1791.3,1791.34,1789.8,1790.8,368.6223
2023-03-30 00:49:00,1790.8,1790.81,1788.31,1788.72,493.2425
2023-03-30 00:50:00,1788.73,1788.82,1785.31,1785.58,997.4848
2023-03-30 00:51:00,1785.58,1787.67,1785.57,1787.66,264.9943
2023-03-30 00:52:00,1787.67,1787.81,1786.57,1786.58,144.8836
2023-03-30 00:53:00,1786.58,1786.71,1780.4,1782.8,1737.9127
2023-03-30 00:54:00,1782.8,1783.54,1776.43,1782.53,4076.3166
2023-03-30 00:55:00,1782.52,1785.48,1781.47,1784.44,1100.9859
2023-03-30 00:56:00,1784.44,1785.98,1781.98,1785.22,1218.7987
2023-03-30 00:57:00,1785.21,1786.5,1784.43,1784.68,646.0828
2023-03-30 00:58:00,1784.69,1786.66,1784.07,1784.61,606.7192
2023-03-30 00:59:00,1784.62,1786.09,1784.24,1785.26,341.7147
2023-03-30 01:00:00,1785.25,1788.91,1784.65,1788.26,1756.7644
2023-03-30 01:01:00,1788.27,1788.58,1786.87,1788.52,1007.406
2023-03-30 01:02:00,1788.52,1789.51,1787.95,1788.65,615.1233
2023-03-30 01:03:00,1788.64,1789.31,1787.01,1788.78,454.3243
2023-03-30 01:04:00,1788.77,1789.53,1788.32,1789.07,444.83
2023-03-30 01:05:00,1789.08,1789.32,1787.43,1787.43,322.2135
2023-03-30 01:06:00,1787.44,1788.32,1787.17,1787.4,299.5761
2023-03-30 01:07:00,1787.41,1787.41,1784.28,1785.16,694.6208
2023-03-30 01:08:00,1785.17,1785.17,1782.44,1783.75,655.502
2023-03-30 01:09:00,1783.75,1784.52,1781.61,1784.27,700.1761
2023-03-30 01:10:00,1784.26,1785.11,1783.04,1784.02,837.8862
2023-03-30 01:11:00,1784.01,1784.3,1781.33,1783.06,1151.2972
2023-03-30 01:12:00,1783.06,1785.16,1782.52,1784.73,560.4012
2023-03-30 01:13:00,1784.73,1785.73,1783.43,1785.63,724.1174
2023-03-30 01:14:00,1785.63,1786.52,1785.06,1786.1,602.4937
2023-03-30 01:15:00,1786.1,1786.1,1783.96,1784.46,281.4652
2023-03-30 01:16:00,1784.45,1785.32,1783.54,1785.32,334.7673
2023-03-30 01:17:00,1785.31,1787.78,1785.01,1787.69,514.5205
2023-03-30 01:18:00,1787.69,1788.33,1787.06,1787.13,492.2335
2023-03-30 01:19:00,1787.12,1787.86,1787.12,1787.41,472.7354
2023-03-30 01:20:00,1787.4,1787.94,1785.95,1786.1,332.5332
2023-03-30 01:21:00,1786.09,1788.39,1786.09,1788.39,252.8232
2023-03-30 01:22:00,1788.38,1790.64,1788.15,1789.17,1226.4759
2023-03-30 01:23:00,1789.18,1791.05,1788.59,1790.52,488.2749
2023-03-30 01:24:00,1790.52,1791.43,1789.62,1789.98,357.8803
2023-03-30 01:25:00,1789.98,1791.63,1789.98,1790.59,403.1064
2023-03-30 01:26:00,1790.6,1790.9,1790.1,1790.51,317.9759
2023-03-30 01:27:00,1790.5,1790.82,1789.7,1790.44,274.3287
2023-03-30 01:28:00,1790.44,1790.44,1789.6,1790.38,167.9834
2023-03-30 01:29:00,1790.37,1792.02,1790.37,1791.53,389.644
2023-03-30 01:30:00,1791.52,1791.53,1790.44,1790.87,312.3588
2023-03-30 01:31:00,1790.86,1792.0,1790.86,1791.55,571.9038
2023-03-30 01:32:00,1791.54,1794.0,1791.54,1793.2,457.3286
2023-03-30 01:33:00,1793.21,1793.21,1791.85,1791.85,436.0283
2023-03-30 01:34:00,1791.86,1791.86,1791.07,1791.2,557.9316
2023-03-30 01:35:00,1791.21,1791.82,1790.73,1791.82,236.6983
2023-03-30 01:36:00,1791.81,1791.82,1791.08,1791.68,245.326
2023-03-30 01:37:00,1791.68,1792.85,1791.22,1791.42,278.6088
2023-03-30 01:38:00,1791.41,1791.42,1790.82,1790.82,233.3162
2023-03-30 01:39:00,1790.83,1790.83,1789.67,1790.18,244.9237
2023-03-30 01:40:00,1790.18,1790.37,1789.63,1789.64,226.527
2023-03-30 01:41:00,1789.64,1789.79,1788.42,1788.99,443.726
2023-03-30 01:42:00,1788.98,1790.6,1788.65,1790.6,275.2676
2023-03-30 01:43:00,1790.59,1790.61,1790.02,1790.54,211.6865
2023-03-30 01:44:00,1790.53,1790.54,1788.97,1788.98,250.7818
2023-03-30 01:45:00,1788.98,1791.3,1788.85,1791.3,423.7718
2023-03-30 01:46:00,1791.3,1792.4,1790.99,1792.4,328.3904
2023-03-30 01:47:00,1792.39,1792.4,1791.2,1791.21,308.1897
2023-03-30 01:48:00,1791.2,1791.8,1790.94,1791.69,275.5585
2023-03-30 01:49:00,1791.7,1791.8,1790.87,1791.15,248.3809
2023-03-30 01:50:00,1791.15,1791.3,1790.72,1790.73,192.4893
2023-03-30 01:51:00,1790.72,1791.27,1790.61,1791.23,167.0052
2023-03-30 01:52:00,1791.22,1793.18,1791.22,1792.9,367.179
2023-03-30 01:53:00,1792.91,1793.66,1792.9,1793.02,357.0354
2023-03-30 01:54:00,1793.03,1793.66,1792.92,1793.18,262.3531
2023-03-30 01:55:00,1793.18,1793.35,1792.65,1792.65,244.1199
2023-03-30 01:56:00,1792.66,1793.12,1792.32,1792.99,149.8167
2023-03-30 01:57:00,1792.99,1793.32,1791.71,1791.83,342.0116
2023-03-30 01:58:00,1791.83,1792.03,1791.29,1792.03,253.3789
2023-03-30 01:59:00,1792.03,1792.03,1791.09,1791.09,135.7396
2023-03-30 02:00:00,1791.09,1791.52,1790.91,1791.28,182.4748
2023-03-30 02:01:00,1791.28,1791.29,1790.47,1791.1,278.7661
2023-03-30 02:02:00,1791.09,1791.86,1790.79,1791.86,122.5919
2023-03-30 02:03:00,1791.86,1792.75,1791.85,1792.64,252.1907
2023-03-30 02:04:00,1792.63,1793.28,1792.63,1793.17,143.8178
2023-03-30 02:05:00,1793.18,1793.23,1791.67,1792.74,265.8011
2023-03-30 02:06:00,1792.74,1793.39,1792.63,1792.63,332.6097
2023-03-30 02:07:00,1792.63,1793.4,1792.52,1793.4,111.4786
2023-03-30 02:08:00,1793.4,1794.28,1793.39,1793.9,187.1861
2023-03-30 02:09:00,1793.9,1794.18,1792.92,1794.17,240.1034
2023-03-30 02:10:00,1794.18,1794.29,1793.18,1793.18,301.0325
2023-03-30 02:11:00,1793.18,1794.04,1792.75,1794.04,139.2484
2023-03-30 02:12:00,1794.03,1794.95,1794.03,1794.31,293.1626
2023-03-30 02:13:00,1794.32,1795.28,1794.31,1795.19,244.5114
2023-03-30 02:14:00,1795.18,1795.19,1794.67,1794.88,281.5574
2023-03-30 02:15:00,1794.88,1795.38,1794.73,1795.37,197.618
2023-03-30 02:16:00,1795.36,1795.64,1794.68,1794.91,266.4784
2023-03-30 02:17:00,1794.91,1794.91,1794.71,1794.91,160.9829
2023-03-30 02:18:00,1794.91,1795.04,1794.43,1795.03,234.4089
2023-03-30 02:19:00,1795.03,1807.44,1795.03,1805.82,3583.7028
2023-03-30 02:20:00,1805.81,1815.0,1805.53,1814.17,5981.6656
2023-03-30 02:21:00,1814.16,1816.51,1811.22,1811.87,2362.0441
2023-03-30 02:22:00,1811.88,1813.33,1810.31,1811.05,820.6416
2023-03-30 02:23:00,1811.05,1811.06,1806.71,1806.72,584.887
2023-03-30 02:24:00,1806.71,1809.22,1806.71,1809.22,387.91
2023-03-30 02:25:00,1809.21,1813.2,1808.72,1811.07,349.5578
2023-03-30 02:26:00,1811.07,1812.72,1810.21,1812.12,239.232
2023-03-30 02:27:00,1812.11,1813.01,1810.63,1812.16,283.077
2023-03-30 02:28:00,1812.16,1816.82,1811.93,1813.36,1446.3298
2023-03-30 02:29:00,1813.35,1814.59,1811.49,1812.5,454.9469
2023-03-30 02:30:00,1812.5,1817.99,1812.5,1817.48,1829.638
2023-03-30 02:31:00,1817.49,1821.0,1817.07,1819.54,3985.2556
2023-03-30 02:32:00,1819.53,1823.0,1816.65,1818.63,3260.1435
2023-03-30 02:33:00,1818.64,1819.85,1817.18,1819.06,1616.362
2023-03-30 02:34:00,1819.06,1822.58,1818.96,1819.55,1156.463
2023-03-30 02:35:00,1819.55,1824.29,1819.54,1823.22,1193.9985
2023-03-30 02:36:00,1823.22,1823.46,1821.03,1821.24,1083.1197
2023-03-30 02:37:00,1821.24,1822.72,1819.77,1821.68,809.0765
2023-03-30 02:38:00,1821.68,1826.56,1821.26,1824.5,1527.8527
2023-03-30 02:39:00,1824.51,1827.48,1824.32,1826.91,1450.8473
2023-03-30 02:40:00,1826.9,1829.69,1826.41,1827.73,2286.3432
2023-03-30 02:41:00,1827.74,1828.0,1825.0,1825.34,788.5005
2023-03-30 02:42:00,1825.34,1827.56,1823.63,1826.37,1114.1389
2023-03-30 02:43:00,1826.37,1826.59,1823.01,1824.69,530.1546
2023-03-30 02:44:00,1824.72,1827.06,1822.84,1823.93,2433.541
2023-03-30 02:45:00,1823.93,1826.23,1823.93,1825.06,1021.814
2023-03-30 02:46:00,1825.07,1825.07,1819.99,1821.99,2694.1144
2023-03-30 02:47:00,1821.99,1822.0,1820.39,1821.6,1017.7027
2023-03-30 02:48:00,1821.6,1822.57,1818.62,1818.99,1074.2086
2023-03-30 02:49:00,1818.98,1819.23,1816.14,1817.55,1426.5521
2023-03-30 02:50:00,1817.55,1819.61,1816.94,1819.05,938.7075
2023-03-30 02:51:00,1819.06,1820.57,1818.03,1820.24,424.5794
2023-03-30 02:52:00,1820.25,1821.02,1819.9,1820.57,1016.9012
2023-03-30 02:53:00,1820.57,1820.97,1818.16,1818.6,1203.5318
2023-03-30 02:54:00,1818.6,1818.61,1816.61,1816.71,910.3461
2023-03-30 02:55:00,1816.7,1819.91,1816.4,1819.89,1172.4722
2023-03-30 02:56:00,1819.89,1820.92,1817.98,1818.61,1026.605
2023-03-30 02:57:00,1818.61,1819.54,1818.6,1818.76,541.8904
2023-03-30 02:58:00,1818.77,1819.21,1817.22,1819.21,475.0844
2023-03-30 02:59:00,1819.21,1819.32,1816.51,1816.8,715.487
2023-03-30 03:00:00,1816.8,1817.58,1816.54,1817.57,435.6615
2023-03-30 03:01:00,1817.57,1817.8,1815.99,1817.62,803.0749
2023-03-30 03:02:00,1817.62,1817.84,1816.13,1816.76,634.4136
2023-03-30 03:03:00,1816.77,1816.99,1816.29,1816.42,159.642
2023-03-30 03:04:00,1816.43,1816.43,1813.01,1813.42,917.2365
2023-03-30 03:05:00,1813.42,1813.84,1808.92,1810.21,1399.3573
2023-03-30 03:06:00,1810.22,1810.69,1792.04,1793.32,6556.6071
2023-03-30 03:07:00,1793.32,1793.33,1777.22,1783.71,9298.5167
2023-03-30 03:08:00,1783.7,1785.87,1780.0,1784.35,3651.8987
2023-03-30 03:09:00,1784.34,1787.39,1783.26,1786.21,1397.8859
2023-03-30 03:10:00,1786.22,1786.22,1775.96,1778.63,4550.7846
2023-03-30 03:11:00,1778.63,1779.02,1766.5,1775.69,8404.0917
2023-03-30 03:12:00,1775.69,1779.14,1774.56,1775.53,5300.2493
2023-03-30 03:13:00,1775.53,1779.82,1774.58,1778.3,1607.5388
2023-03-30 03:14:00,1778.31,1780.38,1776.17,1780.08,1286.7895
2023-03-30 03:15:00,1780.08,1780.09,1776.29,1778.93,2022.9472
2023-03-30 03:16:00,1778.94,1784.98,1778.77,1782.92,1712.4674
2023-03-30 03:17:00,1782.92,1785.92,1782.16,1783.62,1383.509
2023-03-30 03:18:00,1783.62,1785.98,1782.92,1785.72,845.1487
2023-03-30 03:19:00,1785.72,1785.88,1783.59,1783.74,715.0693
2023-03-30 03:20:00,1783.74,1788.0,1783.23,1786.12,1109.4136
2023-03-30 03:21:00,1786.11,1787.34,1785.0,1786.67,944.3018
2023-03-30 03:22:00,1786.66,1787.4,1784.63,1786.64,1332.9246
2023-03-30 03:23:00,1786.65,1787.16,1784.57,1784.67,711.3344
2023-03-30 03:24:00,1784.68,1786.21,1783.74,1785.0,751.2987
2023-03-30 03:25:00,1785.01,1786.05,1783.61,1783.69,837.0927
2023-03-30 03:26:00,1783.69,1784.14,1781.3,1783.35,1000.4539
2023-03-30 03:27:00,1783.36,1786.25,1783.35,1786.04,1251.477
2023-03-30 03:28:00,1786.03,1786.13,1782.45,1783.55,1162.0333
2023-03-30 03:29:00,1783.56,1783.92,1781.21,1782.47,534.1338
2023-03-30 03:30:00,1782.47,1783.29,1780.56,1782.86,961.1509
2023-03-30 03:31:00,1782.86,1785.78,1782.46,1785.09,774.2282
2023-03-30 03:32:00,1785.09,1788.2,1784.53,1787.11,740.8082
2023-03-30 03:33:00,1787.11,1789.38,1786.78,1788.86,1361.6819
2023-03-30 03:34:00,1788.86,1790.0,1787.56,1787.56,1011.3515
2023-03-30 03:35:00,1787.56,1787.57,1785.51,1785.96,490.7427
2023-03-30 03:36:00,1785.96,1787.03,1784.76,1786.54,411.8713
2023-03-30 03:37:00,1786.54,1786.62,1784.63,1786.32,770.8175
2023-03-30 03:38:00,1786.32,1787.17,1786.02,1787.06,298.6368
2023-03-30 03:39:00,1787.05,1787.06,1784.86,1785.59,453.2405
2023-03-30 03:40:00,1785.58,1785.66,1783.88,1785.51,465.8026
2023-03-30 03:41:00,1785.52,1785.53,1784.65,1785.2,242.9407
2023-03-30 03:42:00,1785.19,1786.8,1784.7,1786.11,229.0767
2023-03-30 03:43:00,1786.12,1787.28,1785.13,1785.38,356.9844
2023-03-30 03:44:00,1785.37,1786.82,1785.37,1786.47,180.3824
2023-03-30 03:45:00,1786.48,1787.3,1785.38,1787.02,553.512
2023-03-30 03:46:00,1787.02,1788.73,1787.01,1788.51,492.3246
2023-03-30 03:47:00,1788.5,1789.44,1788.02,1788.73,237.9839
2023-03-30 03:48:00,1788.73,1790.3,1788.73,1790.16,354.7876
2023-03-30 03:49:00,1790.16,1790.82,1789.51,1789.57,410.0622
2023-03-30 03:50:00,1789.57,1789.57,1787.71,1788.62,460.9977
2023-03-30 03:51:00,1788.61,1789.87,1788.16,1789.86,240.3257
2023-03-30 03:52:00,1789.87,1790.03,1788.52,1790.03,412.9647
2023-03-30 03:53:00,1790.02,1791.07,1789.72,1791.06,182.3065
2023-03-30 03:54:00,1791.06,1791.18,1788.08,1788.52,808.187
2023-03-30 03:55:00,1788.52,1789.21,1788.0,1788.09,452.3916
2023-03-30 03:56:00,1788.09,1788.89,1786.29,1788.52,1115.8214
2023-03-30 03:57:00,1788.53,1789.9,1788.47,1788.48,457.3401
2023-03-30 03:58:00,1788.48,1788.94,1787.43,1787.65,230.0992
2023-03-30 03:59:00,1787.65,1788.13,1786.19,1787.66,276.6514
2023-03-30 04:00:00,1787.66,1787.66,1786.25,1787.1,478.2685
2023-03-30 04:01:00,1787.11,1789.39,1786.28,1786.36,725.281
2023-03-30 04:02:00,1786.35,1787.85,1785.52,1787.27,559.0397
2023-03-30 04:03:00,1787.26,1789.19,1787.26,1788.4,304.2409
2023-03-30 04:04:00,1788.41,1788.72,1788.04,1788.32,140.3472
2023-03-30 04:05:00,1788.32,1788.82,1788.0,1788.81,142.1255
2023-03-30 04:06:00,1788.81,1788.82,1787.55,1787.55,247.9863
2023-03-30 04:07:00,1787.56,1787.97,1787.3,1787.63,266.1344
2023-03-30 04:08:00,1787.63,1788.17,1787.62,1787.8,263.9349
2023-03-30 04:09:00,1787.8,1789.15,1787.8,1789.09,220.5602
2023-03-30 04:10:00,1789.09,1789.16,1787.51,1787.57,322.1656
2023-03-30 04:11:00,1787.56,1789.19,1787.56,1789.19,209.8122
2023-03-30 04:12:00,1789.19,1790.42,1789.07,1789.92,356.5829
2023-03-30 04:13:00,1789.92,1790.22,1789.39,1789.54,251.2125
2023-03-30 04:14:00,1789.54,1790.29,1789.32,1790.28,349.5546
2023-03-30 04:15:00,1790.29,1790.81,1789.69,1790.8,466.8658
2023-03-30 04:16:00,1790.8,1791.45,1790.8,1791.44,541.2738
2023-03-30 04:17:00,1791.45,1791.75,1791.02,1791.74,588.637
2023-03-30 04:18:00,1791.75,1793.34,1791.34,1793.18,753.9215
2023-03-30 04:19:00,1793.17,1793.56,1792.64,1792.64,299.3451
2023-03-30 04:20:00,1792.65,1792.65,1791.32,1791.37,367.974
2023-03-30 04:21:00,1791.38,1792.32,1790.68,1791.87,353.5114
2023-03-30 04:22:00,1791.88,1792.28,1791.12,1792.27,421.5033
2023-03-30 04:23:00,1792.28,1793.67,1792.27,1793.53,366.1726
2023-03-30 04:24:00,1793.54,1793.72,1793.53,1793.71,129.605
2023-03-30 04:25:00,1793.72,1795.45,1793.42,1795.36,557.8533
2023-03-30 04:26:00,1795.35,1796.23,1795.34,1795.77,488.8679
2023-03-30 04:27:00,1795.77,1795.99,1794.47,1795.69,770.9085
2023-03-30 04:28:00,1795.7,1797.7,1795.69,1797.33,562.6113
2023-03-30 04:29:00,1797.32,1797.43,1795.25,1795.92,488.2204
2023-03-30 04:30:00,1795.92,1795.92,1795.02,1795.53,384.1626
2023-03-30 04:31:00,1795.52,1796.62,1795.47,1796.21,340.6298
2023-03-30 04:32:00,1796.21,1797.45,1796.21,1797.35,373.8904
2023-03-30 04:33:00,1797.34,1797.35,1796.03,1796.04,315.5505
2023-03-30 04:34:00,1796.03,1796.95,1796.03,1796.58,190.4731
2023-03-30 04:35:00,1796.58,1798.34,1796.57,1797.74,440.0496
2023-03-30 04:36:00,1797.75,1798.42,1797.52,1798.42,226.1414
2023-03-30 04:37:00,1798.41,1798.73,1797.68,1797.91,329.2988
2023-03-30 04:38:00,1797.91,1798.72,1796.5,1796.5,483.5303
2023-03-30 04:39:00,1796.51,1797.15,1796.29,1796.36,737.5604
2023-03-30 04:40:00,1796.36,1796.42,1796.16,1796.23,234.6322
2023-03-30 04:41:00,1796.24,1797.2,1794.59,1794.6,857.9109
2023-03-30 04:42:00,1794.6,1797.54,1794.6,1797.43,635.6124
2023-03-30 04:43:00,1797.43,1797.44,1796.8,1796.8,350.1761
2023-03-30 04:44:00,1796.81,1796.81,1796.49,1796.59,82.4897
2023-03-30 04:45:00,1796.58,1796.81,1796.58,1796.62,206.2145
2023-03-30 04:46:00,1796.62,1796.72,1795.3,1795.72,256.7391
2023-03-30 04:47:00,1795.71,1795.72,1795.12,1795.63,249.8129
2023-03-30 04:48:00,1795.64,1796.91,1794.91,1796.9,344.9745
2023-03-30 04:49:00,1796.9,1797.55,1796.37,1796.56,319.4434
2023-03-30 04:50:00,1796.57,1797.23,1796.46,1797.22,140.3784
2023-03-30 04:51:00,1797.22,1797.78,1797.22,1797.31,140.3769
2023-03-30 04:52:00,1797.31,1798.27,1797.3,1798.01,324.6022
2023-03-30 04:53:00,1798.0,1798.37,1797.76,1798.36,120.389
2023-03-30 04:54:00,1798.37,1798.37,1797.4,1797.41,121.4125
2023-03-30 04:55:00,1797.4,1798.37,1797.39,1798.19,288.8952
2023-03-30 04:56:00,1798.2,1798.48,1798.12,1798.16,141.3835
2023-03-30 04:57:00,1798.16,1799.36,1797.9,1798.18,234.0524
2023-03-30 04:58:00,1798.17,1798.86,1797.85,1797.86,343.0317
2023-03-30 04:59:00,1797.85,1797.86,1796.81,1796.82,143.4883
2023-03-30 05:00:00,1796.81,1797.62,1796.44,1796.98,365.9419
2023-03-30 05:01:00,1796.98,1797.3,1796.54,1796.55,234.1712
2023-03-30 05:02:00,1796.54,1796.55,1794.9,1795.23,324.6826
2023-03-30 05:03:00,1795.23,1795.57,1793.21,1793.22,540.865
2023-03-30 05:04:00,1793.22,1793.3,1791.59,1791.65,383.5077
2023-03-30 05:05:00,1791.64,1793.19,1791.51,1792.34,310.7861
2023-03-30 05:06:00,1792.34,1792.99,1792.33,1792.71,157.5134
2023-03-30 05:07:00,1792.7,1792.71,1792.23,1792.36,180.0141
2023-03-30 05:08:00,1792.36,1793.14,1792.3,1792.3,166.5287
2023-03-30 05:09:00,1792.31,1793.03,1792.3,1792.59,109.7874
2023-03-30 05:10:00,1792.6,1794.42,1792.59,1794.41,184.3137
2023-03-30 05:11:00,1794.41,1794.69,1793.4,1793.72,193.3566
2023-03-30 05:12:00,1793.73,1794.12,1793.72,1794.0,105.7488
2023-03-30 05:13:00,1794.01,1794.01,1793.36,1793.89,152.6982
2023-03-30 05:14:00,1793.89,1793.89,1793.2,1793.65,145.5387
2023-03-30 05:15:00,1793.66,1794.0,1793.65,1794.0,168.659
2023-03-30 05:16:00,1794.0,1794.43,1793.91,1794.27,380.3029
2023-03-30 05:17:00,1794.27,1794.48,1794.26,1794.29,86.0591
2023-03-30 05:18:00,1794.3,1794.45,1794.08,1794.08,130.3623
2023-03-30 05:19:00,1794.09,1794.39,1794.01,1794.02,257.3508
2023-03-30 05:20:00,1794.01,1794.72,1794.01,1794.71,137.8377
2023-03-30 05:21:00,1794.71,1794.96,1794.71,1794.75,89.6096
2023-03-30 05:22:00,1794.76,1794.76,1793.74,1793.75,94.231
2023-03-30 05:23:00,1793.75,1794.01,1793.26,1793.27,161.0464
2023-03-30 05:24:00,1793.26,1793.27,1791.74,1791.79,238.1975
2023-03-30 05:25:00,1791.8,1792.0,1791.6,1791.73,166.7231
2023-03-30 05:26:00,1791.73,1791.99,1791.0,1791.0,151.3111
2023-03-30 05:27:00,1791.0,1791.68,1791.0,1791.44,277.4152
2023-03-30 05:28:00,1791.44,1791.96,1791.43,1791.86,238.4479
2023-03-30 05:29:00,1791.87,1791.88,1791.17,1791.18,184.1998
2023-03-30 05:30:00,1791.18,1793.71,1791.17,1793.42,355.7232
2023-03-30 05:31:00,1793.43,1794.0,1793.41,1793.43,386.9633
2023-03-30 05:32:00,1793.43,1793.44,1792.7,1792.7,108.035
2023-03-30 05:33:00,1792.7,1792.71,1792.15,1792.63,121.808
2023-03-30 05:34:00,1792.62,1793.14,1792.51,1793.13,324.3063
2023-03-30 05:35:00,1793.13,1793.93,1793.13,1793.92,320.3128
2023-03-30 05:36:00,1793.93,1795.1,1793.92,1794.43,150.1142
2023-03-30 05:37:00,1794.42,1794.5,1793.37,1793.54,164.5078
2023-03-30 05:38:00,1793.54,1793.55,1792.93,1792.94,116.8325
2023-03-30 05:39:00,1792.93,1792.94,1792.43,1792.44,234.5964
2023-03-30 05:40:00,1792.44,1793.1,1792.26,1793.1,129.1927
2023-03-30 05:41:00,1793.1,1793.52,1793.09,1793.52,78.7798
2023-03-30 05:42:00,1793.52,1796.01,1793.51,1796.0,270.2542
2023-03-30 05:43:00,1796.0,1796.21,1795.04,1795.04,229.7216
2023-03-30 05:44:00,1795.04,1795.7,1795.04,1795.55,137.8201
2023-03-30 05:45:00,1795.54,1795.57,1795.04,1795.56,145.7121
2023-03-30 05:46:00,1795.56,1795.83,1794.94,1794.94,142.5746
2023-03-30 05:47:00,1794.95,1795.22,1794.72,1795.21,104.5294
2023-03-30 05:48:00,1795.21,1795.27,1794.38,1794.62,130.309
2023-03-30 05:49:00,1794.62,1795.07,1794.6,1795.05,143.0172
2023-03-30 05:50:00,1795.06,1795.65,1794.46,1795.64,255.5459
2023-03-30 05:51:00,1795.65,1795.65,1795.4,1795.4,102.2424
2023-03-30 05:52:00,1795.4,1796.82,1795.3,1796.81,198.8682
2023-03-30 05:53:00,1796.81,1797.24,1796.36,1796.86,358.2867
2023-03-30 05:54:00,1796.86,1796.9,1796.33,1796.89,196.7844
2023-03-30 05:55:00,1796.9,1797.28,1796.66,1796.66,266.7237
2023-03-30 05:56:00,1796.66,1798.0,1796.66,1797.99,185.8353
2023-03-30 05:57:00,1797.99,1798.21,1797.57,1797.82,203.9446
2023-03-30 05:58:00,1797.82,1798.29,1797.82,1798.23,191.322
2023-03-30 05:59:00,1798.24,1798.29,1797.12,1797.13,331.0467
2023-03-30 06:00:00,1797.13,1797.19,1796.02,1796.56,362.5833
2023-03-30 06:01:00,1796.56,1797.82,1796.55,1797.81,127.6879
2023-03-30 06:02:00,1797.82,1797.87,1797.38,1797.87,180.0192
2023-03-30 06:03:00,1797.87,1798.02,1797.57,1798.0,131.6305
2023-03-30 06:04:00,1798.0,1798.02,1797.31,1797.62,403.8189
2023-03-30 06:05:00,1797.61,1798.26,1797.22,1797.79,886.0853
2023-03-30 06:06:00,1797.79,1797.92,1796.17,1797.74,747.3721
2023-03-30 06:07:00,1797.73,1799.86,1797.73,1799.06,952.9616
2023-03-30 06:08:00,1799.06,1799.12,1798.19,1798.96,400.9913
2023-03-30 06:09:00,1798.97,1801.71,1798.96,1801.3,630.9066
2023-03-30 06:10:00,1801.3,1801.3,1800.24,1801.25,439.9947
2023-03-30 06:11:00,1801.24,1802.01,1801.04,1801.55,930.7702
2023-03-30 06:12:00,1801.55,1801.56,1799.6,1800.19,388.7054
2023-03-30 06:13:00,1800.18,1800.52,1799.94,1800.51,286.1348
2023-03-30 06:14:00,1800.52,1801.72,1800.22,1800.23,372.9925
2023-03-30 06:15:00,1800.23,1800.81,1799.63,1800.8,480.0506
2023-03-30 06:16:00,1800.81,1800.86,1799.16,1799.28,570.0988
2023-03-30 06:17:00,1799.28,1799.41,1797.34,1797.5,644.7322
2023-03-30 06:18:00,1797.49,1798.67,1797.49,1797.83,394.4793
2023-03-30 06:19:00,1797.82,1797.83,1797.02,1797.49,365.9272
2023-03-30 06:20:00,1797.49,1798.44,1797.08,1797.09,402.3601
2023-03-30 06:21:00,1797.08,1797.42,1795.53,1795.94,358.9148
2023-03-30 06:22:00,1795.93,1796.74,1795.12,1796.19,352.1436
2023-03-30 06:23:00,1796.2,1796.2,1795.37,1795.4,313.5197
2023-03-30 06:24:00,1795.41,1795.41,1795.02,1795.28,145.4689
2023-03-30 06:25:00,1795.27,1795.72,1795.14,1795.15,245.2019
2023-03-30 06:26:00,1795.14,1795.93,1795.05,1795.05,225.8463
2023-03-30 06:27:00,1795.06,1795.06,1794.67,1794.82,228.3359
2023-03-30 06:28:00,1794.81,1794.93,1794.23,1794.93,190.476
2023-03-30 06:29:00,1794.92,1796.13,1794.92,1796.12,310.7593
2023-03-30 06:30:00,1796.12,1796.99,1795.68,1796.99,221.1144
2023-03-30 06:31:00,1796.99,1796.99,1794.35,1794.39,342.6449
2023-03-30 06:32:00,1794.39,1794.71,1793.87,1794.7,299.2851
2023-03-30 06:33:00,1794.69,1796.27,1793.59,1796.27,339.3716
2023-03-30 06:34:00,1796.26,1796.57,1795.3,1795.31,196.4067
2023-03-30 06:35:00,1795.3,1796.32,1795.3,1796.06,180.5263
2023-03-30 06:36:00,1796.06,1797.12,1795.92,1796.35,527.9365
2023-03-30 06:37:00,1796.32,1796.41,1795.3,1795.3,650.0008
2023-03-30 06:38:00,1795.3,1795.31,1792.94,1793.58,993.7953
2023-03-30 06:39:00,1793.57,1793.81,1793.04,1793.07,196.9164
2023-03-30 06:40:00,1793.07,1794.6,1792.8,1794.6,246.8799
2023-03-30 06:41:00,1794.59,1794.91,1794.0,1794.71,417.1452
2023-03-30 06:42:00,1794.7,1796.46,1794.7,1795.87,306.7514
2023-03-30 06:43:00,1795.88,1796.42,1795.46,1795.46,116.972
2023-03-30 06:44:00,1795.47,1795.48,1794.98,1795.0,165.6545
2023-03-30 06:45:00,1795.0,1795.45,1794.58,1794.59,138.4438
2023-03-30 06:46:00,1794.59,1794.59,1793.62,1793.64,160.7017
2023-03-30 06:47:00,1793.63,1795.7,1793.5,1795.54,386.02
2023-03-30 06:48:00,1795.53,1796.41,1795.53,1795.8,347.1053
2023-03-30 06:49:00,1795.8,1795.81,1793.9,1794.02,440.8604
2023-03-30 06:50:00,1794.01,1794.44,1793.2,1794.23,453.2343
2023-03-30 06:51:00,1794.23,1795.05,1794.01,1794.9,231.9609
2023-03-30 06:52:00,1795.09,1795.28,1794.89,1795.27,278.8049
2023-03-30 06:53:00,1795.26,1796.22,1794.97,1795.64,361.2633
2023-03-30 06:54:00,1795.65,1796.67,1795.64,1796.66,245.079
2023-03-30 06:55:00,1796.66,1796.7,1796.53,1796.65,242.0029
2023-03-30 06:56:00,1796.65,1796.65,1796.03,1796.03,118.0524
2023-03-30 06:57:00,1796.03,1796.86,1796.03,1796.86,232.5318
2023-03-30 06:58:00,1796.85,1797.18,1796.82,1796.82,192.2086
2023-03-30 06:59:00,1796.82,1797.63,1796.03,1796.16,374.2138
2023-03-30 07:00:00,1796.15,1797.21,1795.32,1796.63,554.9599
2023-03-30 07:01:00,1796.62,1796.68,1795.56,1795.68,198.3197
2023-03-30 07:02:00,1795.69,1797.08,1795.4,1796.57,216.5424
2023-03-30 07:03:00,1796.56,1796.98,1796.56,1796.95,101.9939
2023-03-30 07:04:00,1796.95,1796.95,1796.14,1796.52,184.3525
2023-03-30 07:05:00,1796.53,1796.58,1796.05,1796.19,280.9204
2023-03-30 07:06:00,1796.19,1796.2,1794.89,1794.98,325.919
2023-03-30 07:07:00,1794.97,1795.61,1794.97,1795.6,93.3296
2023-03-30 07:08:00,1795.6,1795.61,1794.66,1794.72,339.5529
2023-03-30 07:09:00,1794.72,1795.0,1794.5,1794.63,197.721
2023-03-30 07:10:00,1794.63,1795.89,1794.62,1795.57,212.065
2023-03-30 07:11:00,1795.6,1796.98,1795.52,1796.37,260.6497
2023-03-30 07:12:00,1796.38,1797.12,1796.37,1796.7,182.3118
2023-03-30 07:13:00,1796.69,1796.7,1796.24,1796.26,165.6087
2023-03-30 07:14:00,1796.26,1796.45,1795.97,1795.98,147.9119
2023-03-30 07:15:00,1795.97,1796.45,1795.88,1796.28,283.5589
2023-03-30 07:16:00,1796.27,1796.6,1796.07,1796.11,154.3519
2023-03-30 07:17:00,1796.12,1796.31,1795.62,1795.62,108.6188
2023-03-30 07:18:00,1795.63,1796.84,1795.62,1796.78,230.1859
2023-03-30 07:19:00,1796.78,1796.83,1796.77,1796.83,79.1036
